{"madrichone": [195.10660000000001], "pnt": [244.692], "linan": [190.96665000000002], "carryme": [191.4462], "navi": [200], "zairus": [191.4932], "betanoob": [171.4812], "woo": [204.4999], "koolaid": [220.5038], "ysided": [200], "tapegun": [197.57085], "iggy": [200], "sneak": [200], "dozer": [200], "clouds": [200], "poomer": [200], "rexgunderman": [200], "cre8": [200], "sylo": [229.19065], "gamesghoul": [200], "habibi": [200], "mood": [200], "v1nh": [200]}