{"madrichone": [140.0250390625], "pnt": [233.88681093750003], "linan": [200], "carryme": [200], "navi": [111.37398437499999], "zairus": [200], "betanoob": [200], "woo": [249.2277734375], "koolaid": [274.56585937499995], "ysided": [151.45869140624998], "tapegun": [219.82435546874996], "iggy": [200], "sneak": [200], "dozer": [200], "clouds": [200], "poomer": [200], "rexgunderman": [200], "cre8": [200], "sylo": [293.8749], "gamesghoul": [150.48306640625], "habibi": [200], "mood": [203.03611328124998], "v1nh": [200]}